topic,primary_keyword,slug,cluster_name,pillar_slug,is_pillar,related_slugs
Adhd starting everything,adhd starting everything,adhd-starting-everything,adhd-potential-and-followthrough,adhd-potential-and-followthrough,False,"adhd-productivity-vs-possibility,adhd-brilliant-but-blocked,adhd-dreams-vs-reality,adhd-wasting-potential,adhd-cant-execute"
Adhd finishing nothing,adhd finishing nothing,adhd-finishing-nothing,adhd-potential-and-followthrough,adhd-potential-and-followthrough,False,"adhd-want-to-do-everything,adhd-fear-of-failure,adhd-dreams-vs-reality,adhd-wasting-potential,adhd-big-dreams-no-follow-through"
Adhd brilliant but blocked,adhd brilliant but blocked,adhd-brilliant-but-blocked,adhd-potential-and-followthrough,adhd-potential-and-followthrough,False,"adhd-scared-of-commitment,adhd-productivity-vs-possibility,adhd-unfinished-projects,adhd-shiny-object-syndrome,adhd-hyperfocus-then-drop"
Adhd cant execute,adhd cant execute,adhd-cant-execute,adhd-potential-and-followthrough,adhd-potential-and-followthrough,False,"adhd-followthrough-fatigue,adhd-want-to-do-everything,adhd-unfinished-projects,adhd-shiny-object-syndrome,adhd-ideas-keep-coming"
Adhd ideas keep coming,adhd ideas keep coming,adhd-ideas-keep-coming,adhd-potential-and-followthrough,adhd-potential-and-followthrough,False,"adhd-ambition-burnout-loop,adhd-productivity-vs-possibility,adhd-brilliant-but-blocked,adhd-dreams-vs-reality,adhd-panic-of-wasted-time"
Adhd shiny object syndrome,adhd shiny object syndrome,adhd-shiny-object-syndrome,adhd-potential-and-followthrough,adhd-potential-and-followthrough,False,"adhd-big-dreams-no-follow-through,adhd-scared-of-commitment,adhd-dreams-vs-reality,adhd-ambition-burnout-loop,adhd-productivity-vs-possibility"
Adhd scared of commitment,adhd scared of commitment,adhd-scared-of-commitment,adhd-potential-and-followthrough,adhd-potential-and-followthrough,False,"adhd-finishing-nothing,adhd-big-dreams-no-follow-through,adhd-cant-execute,adhd-fear-of-failure,adhd-want-to-do-everything"
Adhd followthrough fatigue,adhd followthrough fatigue,adhd-followthrough-fatigue,adhd-potential-and-followthrough,adhd-potential-and-followthrough,False,"adhd-unfinished-projects,adhd-brilliant-but-blocked,adhd-productivity-vs-possibility,adhd-ambition-burnout-loop,adhd-fear-of-failure"
Adhd sabotaging success,adhd sabotaging success,adhd-sabotaging-success,adhd-potential-and-followthrough,adhd-potential-and-followthrough,False,"adhd-brilliant-but-blocked,adhd-big-dreams-no-follow-through,adhd-followthrough-fatigue,adhd-shiny-object-syndrome,adhd-panic-of-wasted-time"
Adhd want to do everything,adhd want to do everything,adhd-want-to-do-everything,adhd-potential-and-followthrough,adhd-potential-and-followthrough,False,"adhd-sabotaging-success,adhd-big-dreams-no-follow-through,adhd-finishing-nothing,adhd-unfinished-projects,adhd-ideas-keep-coming"
Adhd hyperfocus then drop,adhd hyperfocus then drop,adhd-hyperfocus-then-drop,adhd-potential-and-followthrough,adhd-potential-and-followthrough,False,"adhd-panic-of-wasted-time,adhd-fear-of-failure,adhd-finishing-nothing,adhd-shiny-object-syndrome,adhd-starting-everything"
Adhd motivation vanishes,adhd motivation vanishes,adhd-motivation-vanishes,adhd-potential-and-followthrough,adhd-potential-and-followthrough,False,"adhd-hyperfocus-then-drop,adhd-cant-execute,adhd-big-dreams-no-follow-through,adhd-fear-of-failure,adhd-productivity-vs-possibility"
Adhd panic of wasted time,adhd panic of wasted time,adhd-panic-of-wasted-time,adhd-potential-and-followthrough,adhd-potential-and-followthrough,False,"adhd-productivity-vs-possibility,adhd-fear-of-failure,adhd-want-to-do-everything,adhd-shiny-object-syndrome,adhd-brilliant-but-blocked"
Adhd productivity vs possibility,adhd productivity vs possibility,adhd-productivity-vs-possibility,adhd-potential-and-followthrough,adhd-potential-and-followthrough,False,"adhd-starting-everything,adhd-fear-of-failure,adhd-panic-of-wasted-time,adhd-followthrough-fatigue,adhd-wasting-potential"
Adhd feel dumb,adhd feel dumb,adhd-feel-dumb,adhd-labels-and-shame,adhd-labels-and-shame,False,"adhd-expectation-vs-reality,adhd-childhood-labels,adhd-failure-identity,adhd-constant-self-doubt,adhd-internalized-ableism"
Adhd feel lazy,adhd feel lazy,adhd-feel-lazy,adhd-labels-and-shame,adhd-labels-and-shame,False,"adhd-feel-dumb,adhd-labeled-as-disruptive,adhd-expectation-vs-reality,adhd-internalized-ableism,adhd-childhood-labels"
Adhd people think im stupid,adhd people think im stupid,adhd-people-think-im-stupid,adhd-labels-and-shame,adhd-labels-and-shame,False,"adhd-fear-of-looking-dumb,adhd-low-self-worth,adhd-afraid-of-being-seen,adhd-trauma-from-teachers,adhd-carrying-school-shame"
Adhd internalized ableism,adhd internalized ableism,adhd-internalized-ableism,adhd-labels-and-shame,adhd-labels-and-shame,False,"adhd-labeled-as-disruptive,adhd-childhood-labels,adhd-afraid-of-being-seen,adhd-carrying-school-shame,adhd-low-self-worth"
Adhd childhood labels,adhd childhood labels,adhd-childhood-labels,adhd-labels-and-shame,adhd-labels-and-shame,False,"adhd-feel-lazy,adhd-fear-of-judgment,adhd-feel-dumb,adhd-expectation-vs-reality,adhd-failure-identity"
Adhd carrying school shame,adhd carrying school shame,adhd-carrying-school-shame,adhd-labels-and-shame,adhd-labels-and-shame,False,"adhd-working-to-prove-worth,adhd-expectation-vs-reality,adhd-fear-of-looking-dumb,adhd-failure-identity,adhd-labeled-as-disruptive"
Adhd low self worth,adhd low self worth,adhd-low-self-worth,adhd-labels-and-shame,adhd-labels-and-shame,False,"adhd-people-think-im-stupid,adhd-expectation-vs-reality,adhd-labeled-as-disruptive,adhd-childhood-labels,adhd-afraid-of-being-seen"
Adhd always in trouble,adhd always in trouble,adhd-always-in-trouble,adhd-labels-and-shame,adhd-labels-and-shame,False,"adhd-working-to-prove-worth,adhd-feel-lazy,adhd-feel-dumb,adhd-fear-of-looking-dumb,adhd-people-think-im-stupid"
Adhd never good enough,adhd never good enough,adhd-never-good-enough,adhd-labels-and-shame,adhd-labels-and-shame,False,"adhd-feel-dumb,adhd-people-think-im-stupid,adhd-bad-kid-label,adhd-carrying-school-shame,adhd-failure-identity"
Adhd failure identity,adhd failure identity,adhd-failure-identity,adhd-labels-and-shame,adhd-labels-and-shame,False,"adhd-low-self-worth,adhd-never-good-enough,adhd-fear-of-looking-dumb,adhd-feel-lazy,adhd-constant-self-doubt"
Adhd trauma from teachers,adhd trauma from teachers,adhd-trauma-from-teachers,adhd-labels-and-shame,adhd-labels-and-shame,False,"adhd-silent-struggles,adhd-never-good-enough,adhd-bad-kid-label,adhd-working-to-prove-worth,adhd-fear-of-looking-dumb"
Adhd silent struggles,adhd silent struggles,adhd-silent-struggles,adhd-labels-and-shame,adhd-labels-and-shame,False,"adhd-carrying-school-shame,adhd-fear-of-judgment,adhd-people-think-im-stupid,adhd-internalized-ableism,adhd-constant-self-doubt"
Adhd labeled as disruptive,adhd labeled as disruptive,adhd-labeled-as-disruptive,adhd-labels-and-shame,adhd-labels-and-shame,False,"adhd-constant-self-doubt,adhd-feel-lazy,adhd-always-in-trouble,adhd-failure-identity,adhd-expectation-vs-reality"
Adhd fear of judgment,adhd fear of judgment,adhd-fear-of-judgment,adhd-labels-and-shame,adhd-labels-and-shame,False,"adhd-childhood-labels,adhd-fear-of-looking-dumb,adhd-trauma-from-teachers,adhd-internalized-ableism,adhd-carrying-school-shame"
Adhd fear of looking dumb,adhd fear of looking dumb,adhd-fear-of-looking-dumb,adhd-labels-and-shame,adhd-labels-and-shame,False,"adhd-expectation-vs-reality,adhd-trauma-from-teachers,adhd-failure-identity,adhd-silent-struggles,adhd-working-to-prove-worth"
Adhd constant self doubt,adhd constant self doubt,adhd-constant-self-doubt,adhd-labels-and-shame,adhd-labels-and-shame,False,"adhd-feel-lazy,adhd-fear-of-looking-dumb,adhd-fear-of-judgment,adhd-working-to-prove-worth,adhd-low-self-worth"
Adhd working to prove worth,adhd working to prove worth,adhd-working-to-prove-worth,adhd-labels-and-shame,adhd-labels-and-shame,False,"adhd-fear-of-looking-dumb,adhd-internalized-ableism,adhd-always-in-trouble,adhd-people-think-im-stupid,adhd-childhood-labels"
Adhd afraid of being seen,adhd afraid of being seen,adhd-afraid-of-being-seen,adhd-labels-and-shame,adhd-labels-and-shame,False,"adhd-never-good-enough,adhd-labeled-as-disruptive,adhd-constant-self-doubt,adhd-failure-identity,adhd-silent-struggles"
Adhd bad kid label,adhd bad kid label,adhd-bad-kid-label,adhd-labels-and-shame,adhd-labels-and-shame,False,"adhd-childhood-labels,adhd-fear-of-looking-dumb,adhd-labeled-as-disruptive,adhd-silent-struggles,adhd-always-in-trouble"
Adhd expectation vs reality,adhd expectation vs reality,adhd-expectation-vs-reality,adhd-labels-and-shame,adhd-labels-and-shame,False,"adhd-internalized-ableism,adhd-always-in-trouble,adhd-afraid-of-being-seen,adhd-low-self-worth,adhd-fear-of-looking-dumb"
Adhd fear being unlovable,adhd fear being unlovable,adhd-fear-being-unlovable,adhd-fear-of-rejection,adhd-fear-of-rejection,False,"adhd-want-love-but-hide,adhd-i-scare-people-away,adhd-fear-of-connection,adhd-love-me-then-leave-me,adhd-relationships-hard"
Adhd relationships hard,adhd relationships hard,adhd-relationships-hard,adhd-fear-of-rejection,adhd-fear-of-rejection,False,"adhd-love-me-then-leave-me,adhd-need-for-reassurance,adhd-fear-of-rejection,adhd-do-i-deserve-love,adhd-too-much-for-others"
Adhd fear of abandonment,adhd fear of abandonment,adhd-fear-of-abandonment,adhd-fear-of-rejection,adhd-fear-of-rejection,False,"adhd-fear-of-connection,adhd-fear-intimacy,adhd-sabotaging-relationships,adhd-why-cant-i-love-myself,adhd-anxious-attachment"
Adhd over apologizing,adhd over apologizing,adhd-over-apologizing,adhd-fear-of-rejection,adhd-fear-of-rejection,False,"adhd-fear-intimacy,adhd-relationships-hard,adhd-anxious-attachment,adhd-why-cant-i-love-myself,adhd-too-emotional"
Adhd too much for others,adhd too much for others,adhd-too-much-for-others,adhd-fear-of-rejection,adhd-fear-of-rejection,False,"adhd-relationships-hard,adhd-over-apologizing,adhd-fear-intimacy,adhd-fear-of-connection,adhd-want-love-but-hide"
Adhd need for reassurance,adhd need for reassurance,adhd-need-for-reassurance,adhd-fear-of-rejection,adhd-fear-of-rejection,False,"adhd-sabotaging-relationships,adhd-do-i-deserve-love,adhd-fear-of-connection,adhd-breakups-and-blame,adhd-fear-intimacy"
Adhd people leave me,adhd people leave me,adhd-people-leave-me,adhd-fear-of-rejection,adhd-fear-of-rejection,False,"adhd-relationships-hard,adhd-fear-being-unlovable,adhd-fear-of-connection,adhd-too-emotional,adhd-anxious-attachment"
Adhd i scare people away,adhd i scare people away,adhd-i-scare-people-away,adhd-fear-of-rejection,adhd-fear-of-rejection,False,"adhd-impossible-to-live-with,adhd-relationships-hard,adhd-fear-being-unlovable,adhd-people-leave-me,adhd-anxious-attachment"
